deviceId,ts_start,ts_end,HR,rmssd,sdnn,lf/hf,acc_x_avg,acc_y_avg,acc_z_avg,gyr_x_avg,gyr_y_avg,gyr_z_avg,steps,calories,missingness_score
synthetic_user_01,1736980200000,1736980500000,63.4901424590337,47.57550390722764,45.72609742554914,0.7975930474001192,-0.005388136688891153,0.03330948888925153,-0.029418375912056184,-0.04086273815843128,0.018998176825036017,-0.03417078742365914,0,0.23590981226957303,0.22440116543624444
synthetic_user_01,1736980500000,1736980800000,61.706702423589256,44.25554084233833,52.15817671911989,0.7143245548849071,0.014350845115919242,0.02028740130036261,-0.03514499712503568,0.01494911857982838,0.04143301827229782,0.050203976538559916,0,0.46468178881364886,0.295401038731633
synthetic_user_01,1736980800000,1736981100000,64.18605626850768,25.812287847009586,49.175637426050756,1.663244349400027,0.030047141041920564,-0.03681748462663291,0.0053868436454393275,-0.02187005917464674,0.009274130771417212,0.01689690894505683,0,0.4350682979436553,0.11536561773373624
synthetic_user_01,1736981100000,1736981400000,66.93357555053248,44.73486124550783,55.98248967263587,1.5166650775851742,0.0014818956083955037,-0.02559153933471403,0.02513035926269171,-0.003596246430282937,0.005212741065314663,0.0035718226260665546,0,1.3071210512862814,0.12520855558008553
synthetic_user_01,1736981400000,1736981700000,61.7835211842412,45.60230209941027,82.77590280008211,1.449647926820862,0.03257231091142584,-0.012496371553913577,0.04041426459498885,-0.018721808416949752,0.0031101488252373763,-0.0008783040098605822,0,1.009054491313347,0.21278394827322936
synthetic_user_01,1736981700000,1736982000000,61.905065764666475,69.63242112485287,32.59281768889902,1.4513382037057119,-0.02760202916429783,0.0005218210042166757,-0.011013222308854561,-0.028831687001280314,-0.005650660684971014,0.004568865197722511,0,1.1950220957870585,0.10928761646883796
synthetic_user_01,1736982000000,1736982300000,67.466610409139,43.076390352188774,63.23512228449416,1.1951012908612342,-0.0340676487871031,0.01035318040938246,0.025888340002351094,0.008663403651276609,0.005415741495387059,0.008337958854069417,0,0.37570184818874847,0.20952164167074935
synthetic_user_01,1736982300000,1736982600000,65.15277147717835,48.015473423336125,35.64740954572418,0.8410982514056673,0.02821623289742918,-0.014514876263069312,-0.000924203268016973,0.01214648256484235,-0.004726422562224471,0.010323449375200916,0,0.9373111494104984,0.3340378078242368
synthetic_user_01,1736982600000,1736982900000,61.563539459017576,44.65288230294757,49.3368176105268,1.2303218232774904,0.007681308978786145,0.0037353352895415667,-0.0041430551985796715,-0.00922416641162751,0.002695375620313829,0.008889671456055176,0,0.8576189747156231,0.09990992311017725
synthetic_user_01,1736982900000,1736983200000,64.72113807468313,33.31321962380468,68.0674071636084,0.9291353153951553,-0.5186854037873283,0.2682349202726749,0.021207838499680137,-0.04145667667431856,0.021081560569727355,0.0014332909000839811,0,1.2492455651824066,0.17599724857371427
synthetic_user_01,1736983200000,1736983500000,61.82470019259065,56.42822814515021,55.77136022914555,1.5900478933671005,-0.04134884200079753,-0.012230356059838965,0.01565574908192207,-0.008739911172039724,-0.01610468104447426,0.15627354479405406,0,1.359130590721891,0.17517456912506965
synthetic_user_01,1736983500000,1736983800000,61.939259337420076,52.51933032686774,42.06706266484833,1.1411770473991445,-0.0017824007902557681,-0.25376467423165583,-0.037833411767621984,-0.05890673597018835,0.018238056978064725,-0.0024203725384561873,0,0.01823515721608021,0.04571007126457498
synthetic_user_01,1736983800000,1736984100000,64.18383073993175,52.910319470430466,46.416355488880384,0.8698011212829954,-0.12992593055553897,-0.5305864243905759,0.035436968393421496,-0.023662585100386057,-0.02190495619313746,0.5026544872162367,0,1.011029878588189,0.5024092690748814
synthetic_user_01,1736984100000,1736984400000,57.839598518363054,35.90612545205261,63.15517298721611,1.0714456633388025,0.01339345097660077,-0.027033692112326674,0.033122192499538836,0.0029337587164664897,-0.0018890964318572599,0.018140321549873033,0,0.07775369867959353,0.09274621002035217
synthetic_user_01,1736984400000,1736984700000,58.52618108190015,59.02794310936099,46.23560041939436,1.3651725817102498,0.007331964921936966,-0.019517465059546654,-0.015013504836228707,-0.0002449575867679289,-0.03394967838413752,0.009496907556493791,0,0.8232879976160339,0.3278190473342132
synthetic_user_01,1736984700000,1736985000000,62.135567318819135,30.981489372077192,57.5975030749837,0.97451017887841,-0.018797595726547104,0.02107283593215679,0.009499284802497817,0.009268663993617414,-0.00972515179351092,-0.047046218154628484,0,0.4314490935655173,0.08200971440112993
synthetic_user_01,1736985000000,1736985300000,60.90543187264159,50.868570938002705,55.54686207884576,0.8711118417734274,-0.010277338346733871,-0.01898797777663886,0.011856724470785732,0.0019132858946264522,0.020751912744977747,0.010494412424476176,0,0.4601648992832118,0.16144182793916542
synthetic_user_01,1736985300000,1736985600000,65.00816255853348,66.90455625809979,47.1807958287302,1.297474884596765,-0.021184270437779033,0.052647641296747816,0.006256170379773771,-0.015569103054104888,-0.00036588899678211397,0.003115779115500398,0,0.5294377551785349,0.25175183562600384
synthetic_user_01,1736985600000,1736985900000,61.462843661286826,35.09463674869312,80.72732907190391,1.297986628443489,-0.0012535819454634375,0.009866358017617784,-0.013207323692290083,0.019145144026631863,-0.015988835716718573,-0.0002993401031343587,1,0.9319386735744152,0.17298100130104613
synthetic_user_01,1736985900000,1736986200000,60.07150011094739,39.33702270397228,62.60702826781613,0.997222729851548,0.019102846410024767,0.003696722473897478,-0.016118960830513236,-0.0025364731684315205,-0.00807639873965148,-0.006216295249422173,0,0.5010749485031538,0.43868207939087345
synthetic_user_01,1736986200000,1736986500000,68.82685284882074,45.99651365087641,30.698288960108712,1.011584677752671,-0.019714520926710874,-0.01716715560362427,-0.0006132977037946867,-0.0004368726321589098,0.013449920424072849,-0.08436540392177387,0,1.0990485758854205,0.20331999448813345
synthetic_user_01,1736986500000,1736986800000,63.87407296769927,39.96524345883801,57.23745177723313,1.2928199749430545,0.010080930310356888,0.014006197588179822,0.028145496462224754,-0.014932287345171137,0.008747737091222068,0.015160423393965726,0,0.6067910783608046,0.1491884602776533
synthetic_user_01,1736986800000,1736987100000,64.87548181032545,29.493365689338674,47.058562422779346,0.6207662634010703,-0.010605152367448816,-0.01151275652475548,0.013046403710266377,-0.007092516019064165,-0.0038229135867151125,-0.012366042685177747,0,0.10252980046493793,0.20018470594295903
synthetic_user_01,1736987100000,1736987400000,60.52014796472411,45.68562974806027,65.22920001755469,0.6370144902493778,-0.015857456645246883,0.002440196292907229,-0.008894743970066543,-0.014156843424430415,-0.0058691905890350055,0.006512836593992562,0,1.1756397637261609,0.24256153595557584
synthetic_user_01,1736987400000,1736987700000,63.28273967689174,34.37696286273895,45.48975113880759,0.9126223114990255,-0.0021406071990911564,0.051201690765375896,0.018520769055560275,-0.0027671369587747682,-0.10483910132413837,-0.015546507752660574,0,0.428637486889059,0.19330873734056367
synthetic_user_01,1736987700000,1736988000000,65.3701509466997,49.73592430635182,53.62316270239721,1.114621139315261,-0.020704846448387482,-0.0019211979944929974,-0.06836502289512181,0.0273873356822775,-0.01475856295197604,-0.022073890636622885,1,0.6491503193988939,0.3046611725923335
synthetic_user_01,1736988000000,1736988300000,61.70589777240599,35.805757657661964,61.05984734776548,1.3243630262392019,-0.011072986106943641,0.022985466525713517,0.027570376808930482,-0.021950418286901703,0.02584601103151107,-0.010027475593439443,0,1.0281658248328522,0.14683844891367065
synthetic_user_01,1736988300000,1736988600000,66.40746788681273,60.499344050175395,65.38906233004145,1.7901424867798208,-0.02395755785177697,-0.014063528502517748,-0.04175313069067439,-0.02581698236602786,-0.005157127507381438,0.013798295558124141,0,0.498684235723068,0.23747823266750517
synthetic_user_01,1736988600000,1736988900000,63.59995308912208,37.16746707663763,40.596443115330686,1.5430638492808078,0.03929450265832778,-0.000699769809939234,-0.008698582593675171,-0.47647594896379597,0.019474536333207944,0.015250000726017387,0,0.08487848422007344,0.16242307035302309
synthetic_user_01,1736988900000,1736989200000,64.64828323660147,41.77938483794325,50.985985169908616,1.1360245880146291,0.0007052710394345722,0.21811730037422378,-0.026872077471027454,-0.003349178834429858,0.02434105683075922,0.008209366721556687,0,0.5608815705192204,0.44545454814195684
synthetic_user_01,1736989200000,1736989500000,63.83973997639592,53.135172173696695,49.30065626606853,1.1923935168389244,-0.013994510159851708,-0.012539341155755349,-0.3841267278603897,-0.010705163818558665,0.015972974370367366,0.011601532589567955,0,1.4166728740414551,0.06700780218495014
synthetic_user_01,1736989500000,1736989800000,71.32318969371373,32.69135683566045,47.160049209115456,0.7989882541448764,0.004279598214684439,0.036248971159938574,0.02785984289708446,0.016638474998337222,-0.006905925003488775,0.008258852593839334,0,0.9626015959478373,0.18291654802846677
synthetic_user_01,1736989800000,1736990100000,65.84735879307593,47.27459934604129,76.18545088337316,1.192594745603044,-0.0022465609938165927,0.014155038709109509,-0.011224828831485394,-0.009689848635789826,0.006459681445385751,-0.010263705523567236,0,1.0072187230008103,0.3819681397864199
synthetic_user_01,1736990100000,1736990400000,62.83621300752482,58.07142754282428,59.85978053153146,1.0845365444319448,-0.004419391990664452,-0.011249335517885354,0.00831609316153718,0.029216155416750978,-0.00038712970225465867,0.006910760714783051,0,0.9484232304564597,0.2436233549900596
synthetic_user_01,1736990400000,1736990700000,68.59847585780489,28.925167654387725,39.86939254797946,1.3290874241352357,0.012283334000868505,0.012648154781110418,-0.0011260938931004177,0.16010440832015677,-0.01445922977168205,0.01280655240364292,0,0.2984882084391552,0.24633498979509577
synthetic_user_01,1736990700000,1736991000000,62.58980549868506,46.84633858532304,66.01434336465731,0.8691076225790707,0.015150154200946103,0.019451088992534595,0.011448979853354916,-0.007806582530331243,0.005189748507545648,0.012068661277017192,0,0.6275007961534202,0.10385227032802499
synthetic_user_01,1736991000000,1736991300000,67.00042256071521,47.598827942484235,80.4658743641516,1.407738605696469,-0.01061002295221055,0.012436199244343929,0.0018437253854461286,0.034516931412248056,-0.01886463665855684,0.019022613943594287,0,1.1264096975449773,0.1675210156993241
synthetic_user_01,1736991300000,1736991600000,60.61631673116442,52.8182287177731,67.38958312661376,1.813095565201031,-0.0115163648128936,-0.03140449439780913,0.03723230516662861,-0.009691438768053414,0.01900287021538502,0.011332861555217021,1,0.15205934632973872,0.08410282322540806
synthetic_user_01,1736991600000,1736991900000,62.632264283211256,32.63049289121918,36.76756040855184,1.156495940617257,-0.005501033943032881,-0.014542743516497371,0.02391040366673136,0.011873525952148911,-0.007433876756774289,0.0056231713206653265,0,0.4167791641345684,0.06654498802512457
synthetic_user_01,1736991900000,1736992200000,67.3289014646167,31.795433869157236,49.189191125604985,1.3606846888395765,-0.046038423294711694,-0.004950372711030095,0.176942404913427,0.004788681286503871,0.0032185544939654287,0.01712240381306284,2,0.4144786626987804,0.4052342701203342
synthetic_user_01,1736992200000,1736992500000,69.07521282409837,50.21941565616898,70.20293379023947,1.476057596684445,-0.030303821243971043,-0.0014886685820009258,-0.03735796556783402,0.02082786063038077,0.004532605944738275,-0.0004243401479849612,0,0.648028391391759,0.4542298473373017
synthetic_user_01,1736992500000,1736992800000,67.49541325478486,47.96984673233186,46.50796641257463,1.0395118112456654,0.02733748534889049,0.01241344195101356,-0.0102747638631819,0.024984179147629643,-0.0041424795792652375,-0.01410999441964349,0,1.4705531114132775,0.20040954411424244
synthetic_user_01,1736992800000,1736993100000,66.75585889115304,47.504928503458764,60.32583313775474,1.2896369927241667,0.032899354270025674,0.0035540200186650766,0.03601823497522346,0.000512066385052266,0.1841980601847883,-0.002609071423100222,0,0.10125382002573291,0.17362308083203806
synthetic_user_01,1736993100000,1736993400000,66.3209879786527,48.46448209496976,64.29560864115204,1.205036960312718,-0.15355706718944417,-0.026706887174202026,0.02040532181072383,-0.012054685925538936,-0.007598458505960391,-0.011918442316903186,0,0.7780514915708925,0.1451443150034694
synthetic_user_01,1736993400000,1736993700000,62.91022842142108,38.19975278421509,43.876834341063,1.2390704394195327,0.011531139261115328,0.0076039570201192645,-0.00836765122578862,0.007359554287025863,0.013940756759315907,-0.010802852399590106,0,0.2690470230183157,0.019800274069064237
synthetic_user_01,1736993700000,1736994000000,65.30775709444204,47.322536971610035,54.2856957272584,0.8907960864578134,0.006225003090870722,0.012211714905676463,-0.00838218490364229,-0.010843445916033699,-0.02153567488394798,-0.002312298731448285,0,1.4560148181146162,0.35468653124959043
synthetic_user_01,1736994000000,1736994300000,66.2068687338496,47.93072473298681,20.0,1.209804069703577,0.06157761616910475,0.011195808958620797,-0.007719241229217183,0.03221419596042597,0.002022073272742589,-0.012678718735999382,0,0.1699552570911963,0.30019650614223126
synthetic_user_01,1736994300000,1736994600000,70.88164705248853,37.85648581973632,42.707348303988525,1.3991993164981797,0.022391498228691537,0.021615614511092437,0.049841951605460184,0.002184565297323799,0.031022863984932557,-0.004927384474224645,0,0.6054015035423869,0.12130179399816808
synthetic_user_01,1736994600000,1736994900000,68.86263056963998,63.65774511144757,51.96918218328208,1.7804574431180167,-0.002558351829615331,0.01667844309097808,0.00916645085355728,-0.005845144820993739,-0.016005301193689196,-0.03029783467126057,0,1.1068274772519093,0.28927262930772
synthetic_user_01,1736994900000,1736995200000,62.66415056194918,49.73832920911788,40.0266018164218,1.5837083304340827,-0.019110808812008516,0.009183601584568733,0.01032099953258567,0.0029548848938385345,-0.010843919528397625,0.0034126993179670172,0,1.0568316420411679,0.058511947615402
synthetic_user_01,1736995200000,1736995500000,69.04701826332457,33.08696502797351,74.58893564717962,2.0612729830046224,-0.03212892640515145,-0.00140331422917294,0.024726802896764214,-0.021554020632475145,0.00822252559454264,1.928760579558779e-05,1,0.6340929553408984,0.22983543610592155
synthetic_user_01,1736995500000,1736995800000,67.04101484099404,51.5655360863383,37.83830346447241,0.8930609748447801,0.004069272717344462,-0.03321921867031982,0.0057309398166363245,-0.015545824616170425,0.0028733085110335672,-0.01307341809709105,0,0.5197862519290773,0.3546015577912444
synthetic_user_01,1736995800000,1736996100000,66.28699100842792,35.253183297726785,49.7194661596362,1.5489282546882712,-0.015127014905686067,0.008592364382651718,-0.006217011499696875,0.019206622527110806,0.2286354910318124,0.010547930694918481,0,0.5964185678293059,0.2567928321124168
synthetic_user_01,1736996100000,1736996400000,70.27428120297121,52.87084603742452,56.5688869274331,1.2733368022953406,-0.028445074191953485,0.004153753743262223,-0.004712396378039479,-0.010510308463542332,0.007826994082362617,0.015001122202024934,0,0.3964143947379589,0.2433771270792442
synthetic_user_01,1736996400000,1736996700000,71.65374623103925,56.58595579007404,72.29527946879338,2.075921173287069,-0.012931457684850534,0.00543157674390747,-0.001718430225937535,-0.016750575722911033,0.010155543496988318,-0.025720957829903586,0,0.3079994080601997,0.14858686743023838
synthetic_user_01,1736996700000,1736997000000,71.4760833480028,36.7931768164829,37.769654185846726,0.8766806858579393,-0.021630960072287903,-0.025534971516406192,-0.0008933336762361982,0.008586444040436578,0.017755197471299573,-0.012203596457059427,0,0.724559546338335,0.40249295209009167
synthetic_user_01,1736997000000,1736997300000,66.28608574808909,54.63376129244322,68.95796502585952,0.8641112631276895,0.03374283270145129,-0.02162113080816525,0.017463109047287515,0.01897126647460795,0.006557098510856201,-0.01230627759659677,0,0.402800634101411,0.28705082689694544
synthetic_user_01,1736997300000,1736997600000,67.99759651730618,49.12780926936498,55.122796732235045,0.9602429418223911,0.01763279513898901,0.02106305706665807,0.0012467012593751865,0.011503252970641068,-0.0038601224738966794,-0.015038449617741832,0,0.43119249734587517,0.12539907870483985
synthetic_user_01,1736997600000,1736997900000,70.04051926617332,53.2206015999449,43.22189618742459,0.3504417102760772,-0.00015945282633234752,-0.0007911030771331008,0.017583361853173902,0.01593676297289306,0.010761179219243697,0.013271597470907975,0,0.9851340952118356,0.07368343545429852
synthetic_user_01,1736997900000,1736998200000,72.09485968043249,63.967929826539475,60.54524169115925,0.9896979913276955,0.029598882777800525,0.013630013947452488,-0.0019371979226059757,-0.012108721417111373,0.03039811095832344,-0.0031012182203648563,0,1.4528059975498384,0.4290529457576552
synthetic_user_01,1736998200000,1736998500000,67.85219691263235,42.54611883997129,57.38871634688164,0.8963469353785207,0.0015473661529523662,0.0005663675226091862,0.0018872445675861742,-0.0227489706678695,-0.002122139942121177,-0.004232237460969773,0,0.9054558008390626,0.2710376259893875
synthetic_user_01,1736998500000,1736998800000,68.85423802327958,37.4626383564251,47.79739747409447,1.260157514590483,-0.017225684026565272,0.0005951227899148648,-0.04795681642877059,0.02402133843128779,-0.015592468874730264,-0.032061797830508054,1,0.11546920059744942,0.2085354334896258
synthetic_user_01,1736998800000,1736999100000,66.21370535835575,36.10485570374477,55.83762501988023,1.3367023903108637,0.030462481545393147,0.018765676119519955,-0.29869155355580385,-0.005162877421474172,0.017713290708591563,0.010166688483347622,0,0.11337542078110047,0.0653572006971946
synthetic_user_01,1736999100000,1736999400000,66.06558573523463,36.841897150345616,50.37623683765888,1.9504683356863546,0.010778200873693173,-0.010320894564347479,0.008315723421551825,-0.0040133282632807575,0.7120899481583849,-0.019828134317655562,0,1.427134831268349,0.08222872066828586
synthetic_user_01,1736999400000,1736999700000,72.21327840176203,44.228982905858956,56.362208143014975,1.58016953527442,-0.02074492308652913,0.0019224155388196688,0.023952242636631652,0.021251106269584926,-0.03476271273622458,0.0009589220842612534,0,0.44593618546100044,0.32789669734603877
synthetic_user_01,1736999700000,1737000000000,73.96591634739471,48.411519748166434,62.94556809425256,0.9692385377350387,-0.003806773561672164,-0.009245505774100856,-0.06951012907664854,0.008899680150410559,0.013558746834406745,0.0044380310073310735,0,0.13810047912371315,0.02253366341016133
synthetic_user_01,1737000000000,1737000300000,69.80266122404404,47.766907993300194,74.03220179374422,0.8406341314606568,-0.01751236506769515,-0.008689924548646312,0.05012099291473746,0.007294204353305723,-0.008565250975262765,0.021770537533418417,1,0.8985668807255723,0.03507645989197093
synthetic_user_01,1737000300000,1737000600000,73.15078560956393,53.27183249036024,40.14621401407781,1.3967676686026023,-0.027655994619286726,-0.006183442469372788,-0.0033501510757241704,0.03464003751841734,-0.0014485325168665723,-0.020941126385905794,0,0.9354731674353991,0.13144085102390476
synthetic_user_01,1737000600000,1737000900000,71.34659031813356,45.13001891877907,80.5964004958752,0.6719067171917431,0.01852355095063283,0.004442675432674255,0.04012334313888195,-0.010296291686082289,0.005311685289104238,-0.16298104313992437,0,0.9727572301780323,0.17476541696202755
synthetic_user_01,1737000900000,1737001200000,68.4478183062781,59.53534077157317,31.57494640572998,1.9325835063417416,0.03818833280940261,-0.009574972433269543,-0.02495774225101274,0.014845442049299796,0.0030479948764650655,0.0029415927160591176,0,0.40110304178631195,0.3331571321250226
synthetic_user_01,1737001200000,1737001500000,71.5888597137215,42.35343166762044,53.178578859573,1.671776048288515,-0.027971351476382824,0.025115122511470415,0.014706573721501673,0.0009122099983533535,0.011351229074224633,0.02880817890417366,0,0.02266602632171255,0.13710375327962745
synthetic_user_01,1737001500000,1737001800000,75.24027792369696,72.20169166589619,62.05980647781492,1.012329739158118,0.011259384733811417,-0.01789214604439008,-0.025281973516167747,0.004297476461812118,-0.006967781929117494,0.019823141647030997,0,1.447523054181708,0.3101965833237312
synthetic_user_01,1737001800000,1737002100000,70.64018543407202,51.25667347765006,58.37190241282039,0.5147461883636487,-0.013012851382436543,-0.003737432883227181,-0.014970455056699323,0.024455494822600506,0.008209692770817324,0.0033545506443940125,0,0.37633956853665373,0.31483868012075394
synthetic_user_01,1737002100000,1737002400000,75.56308984594669,36.42842443583717,47.527605762152874,1.7415489496661654,-0.009742507675293924,-0.0087946211654835,0.045936752492802865,0.00812537210063398,-0.004152746841342675,-0.007866178970112757,0,1.0140394320788213,0.29520585670167737
synthetic_user_01,1737002400000,1737002700000,63.13141889333825,34.29107501938888,52.5025329957127,1.1541840618989527,-0.011847878484777384,0.02893955768707466,-0.004576377618320318,0.008612737264794128,0.011820967694200048,0.012913961546196966,0,1.0599448048180644,0.3363275382912602
synthetic_user_01,1737002700000,1737003000000,73.57785704583594,49.824724152431855,49.083988784094004,1.6951265247893847,-0.017279815393596323,0.003931095530231492,0.005218388956313349,0.017160117396956834,0.009845879744208854,-0.2077122802316572,1,0.9150111256192286,0.33534938156900157
synthetic_user_01,1737003000000,1737003300000,71.4947860645276,42.76537214674149,47.927622916669456,0.562228936482253,0.0009704325588965399,0.020636890789372697,0.020881625536530092,0.08976168700433346,-0.014967019232713524,0.0076217243096995055,0,0.4693610913204723,0.04738346461961788
synthetic_user_01,1737003300000,1737003600000,70.45811813551829,52.14000494092092,65.19522516425229,0.9602499908184908,-0.016619002328220757,-0.02971120746073944,0.011896365311342508,-0.2540004907078831,0.017375713858800514,0.008087522546666028,0,0.40664438064609865,0.20089676156364114
synthetic_user_01,1737003600000,1737003900000,71.75191784362521,49.73237624573545,59.284185831580565,1.2020974798872732,0.005409136515596776,0.0053410053173851765,0.003610053723445831,-0.01671694710433654,-0.008575415121824768,0.016963358519982076,0,0.8965024240540547,0.47200404788191097
synthetic_user_01,1737003900000,1737004200000,65.63542409731882,44.271710873431275,46.68508485687215,1.2187922375058968,-0.0010047621889827392,0.2718613365852565,0.008759064059189402,-0.03146170543001603,0.012928924772498322,0.04415456062257724,0,1.2991434504175372,0.42615653696941763
synthetic_user_01,1737004200000,1737004500000,71.06061050471176,36.532062819315954,65.79519850519901,1.0199738114083026,-0.004778960937328195,0.0016456797855084837,0.0576819740457186,0.03289931407904516,0.005876597014421449,0.006278655474860273,1,1.4201005933850934,0.12089799678642148
synthetic_user_01,1737004500000,1737004800000,72.91245920986233,29.851527753141355,58.68759425051931,1.4491399729389995,-0.05683651798898892,0.021309607501307025,-0.0013828511288060494,-0.017651333851546932,0.029410938828721957,-0.008143418011319981,0,0.15885870660563645,0.31365353714547006
synthetic_user_01,1737004800000,1737005100000,76.39629895665446,40.53485047932979,64.75434542606752,0.7729518282469622,-0.011535426611366655,-0.010345769002007444,0.00482637712115922,-0.003540057977372352,-0.3970313259427231,-0.000409188995071911,0,0.23224291889657978,0.12800260165177532
synthetic_user_01,1737005100000,1737005400000,70.52930149471177,53.56398794323472,62.555546103083344,1.1430482059914826,0.015107824516515121,0.028186948803711597,0.02521570550418269,-0.0044290127982227305,-0.00558906873789116,-0.02830521447822589,0,1.4171043881746195,0.3084303386057083
synthetic_user_01,1737005400000,1737005700000,69.78012666795595,47.14093744130204,45.05205986893513,1.2481182526847594,0.010018343752487615,0.045977962472385,0.026532622390991613,0.004918507164945611,-0.00031071369420372137,-0.011115410097424932,0,1.1048028425021887,0.15608765164363742
synthetic_user_01,1737005700000,1737006000000,70.8218316729847,32.54261221288012,48.27782751763636,1.4057755336234996,-0.019551104895971023,-0.007256771208793181,0.028488727333449124,0.013051795400628745,-0.004850876525348401,-0.006548519009809664,0,1.3244907372446595,0.2896155872812681
synthetic_user_01,1737006000000,1737006300000,75.19480448394734,46.73180925851182,63.967523261479144,1.4846459512355559,0.0019866461085845176,-0.008910050428015437,0.015329525328700432,0.013767575813755926,0.012799070431072802,-0.00838541436695348,0,0.30394895120301474,0.28396174654279277
synthetic_user_01,1737006300000,1737006600000,73.55634678692297,48.85317379728837,62.32444318520158,0.7501431632648523,0.015027742467435781,0.02906768954235402,-0.027432117905531607,-0.009329239017103015,-0.025860969734985407,0.002437677952539552,0,0.8813788066641028,0.1952631514883568
synthetic_user_01,1737006600000,1737006900000,71.10230817374561,36.16142563798867,54.74918087243022,0.586354331705751,-0.1788329905079698,-0.22897575853116509,0.0392023567752263,-0.002673947420582584,-0.01685891870634167,-0.013158718918115209,0,1.0517093916262104,0.05849533502851163
synthetic_user_01,1737006900000,1737007200000,74.3528864114896,46.53725105945528,56.407928599705386,1.7110707287594036,0.010867203847598702,-0.010457200543065367,-0.027512289432448513,0.004521279207812794,-0.01708484674526709,0.017936490677191542,0,1.020167828170459,0.31676103882525575
synthetic_user_01,1737007200000,1737007500000,73.22581208729645,45.58208718446,70.3319787494611,1.3329256047918365,-0.013252475178916935,-0.008403736341917151,0.007263251165736798,-0.003979058018936753,0.015204921471577213,3.313038691157752e-06,0,0.6122275363000471,0.16539263043383318
synthetic_user_01,1737007500000,1737007800000,75.9620097379538,33.57029702169377,47.90114333397004,0.9006053853773784,-0.672655383690787,0.16403068638355642,-0.018102620400464592,0.02571752921631988,0.027369813961310805,-0.5007061208857545,1,0.023092337536962715,0.1319782838027114
synthetic_user_01,1737007800000,1737008100000,71.07141081182588,48.577873603482836,61.565168574040456,1.820460790209009,-0.015265183130850337,-0.02688901022068554,-0.0015393203182318231,0.007855599226212021,-0.001671187496599544,-0.005246315464206686,0,0.8743890852063947,0.19664755866914888
synthetic_user_01,1737008100000,1737008400000,72.31607898076744,50.60784526368234,52.573688170793275,1.2462698537171435,-0.03609764201329038,-0.24785304050511558,0.007890297847283538,0.01175804457679708,-0.00270114757104017,0.0024830509417436662,0,0.37965230876941314,0.259756980186611
synthetic_user_01,1737008400000,1737008700000,72.24423628826709,55.83051243175277,52.38782556127335,1.6717188736255306,-0.03255084875766325,-0.020082815335041356,0.007712573170806554,0.010606100298678603,0.0011208346098109019,0.013201572234682154,0,0.6753813692143356,0.1620778996997562
synthetic_user_01,1737008700000,1737009000000,69.15151123036999,55.53802052034903,68.18532222384628,1.2270073925640435,0.0009616989332276399,-0.015355951302082569,0.010126098101646833,0.0187755817197652,0.018590052841731045,-0.013874083451374404,0,1.436371522625726,0.14897976210117375
synthetic_user_01,1737009000000,1737009300000,74.55191223306288,31.22330632042909,64.90499618785636,2.024299169952795,0.005194450034429638,-0.0006936977477356221,0.03872907045740753,0.0028963449392593113,-0.014837650147049186,-0.010529863825204107,0,0.5985529764636521,0.09621449315412375
synthetic_user_01,1737009300000,1737009600000,74.56821254551163,35.62174960084877,64.76211563200766,1.9021363369772817,-0.018086332502088173,0.004684294650730405,0.010884823236335515,0.11480238982261402,0.003813903723756562,-0.004859616460426635,1,1.25970240999664,0.15681678185233333
synthetic_user_01,1737009600000,1737009900000,73.92188242600216,50.1503526720866,70.66574568585195,1.1004143406083706,-0.20313202294819716,0.031010009856281537,-0.00585975924697557,0.006395007228042266,0.015603162076518873,-0.021533934775571438,0,0.2828109086238767,0.29133486751415416
synthetic_user_01,1737009900000,1737010200000,73.32427598305213,50.13785950912209,55.25204609959311,1.588628380381742,-0.3445522914063043,-0.01996708081477582,0.023138092038920584,-0.010421710300669264,0.008017506719037521,-0.013108125755543964,0,1.0086907470375432,0.2266562699956645
synthetic_user_01,1737010200000,1737010500000,69.90342048412913,50.150476863060476,63.18343565553957,1.458150379834059,-0.0013215959729463314,0.019686447969531676,0.028547291734191373,-0.00845786690799611,0.0030333058655798942,-0.007619533976714542,0,1.4655104316584153,0.12727826067157488
synthetic_user_01,1737010500000,1737010800000,73.0090920690871,83.5273149065472,51.27679892087853,1.7474526230129395,-0.024220323995249128,-0.004279776884510179,-0.02946258756328782,0.009381824300081493,0.01601673748107426,0.013990226891403635,0,0.1528396513094052,0.29314314495597116
synthetic_user_01,1737010800000,1737011100000,73.36437981490567,50.70890510693167,58.8899962298613,0.8140306157679581,0.15026438012974558,-0.0009892741930486587,0.09141311258033159,0.01981252914293817,-0.043251716687987794,0.004200981264030805,0,0.012479913340788018,0.2188970996474988
synthetic_user_01,1737011100000,1737011400000,72.10718688392393,56.35565640180599,53.438283347587785,1.4744205839993756,0.0009479734263282804,0.01349638984333207,0.01682814581546156,0.0003403452277769864,0.010846005112494523,0.0030974385818807134,0,0.6503741889489215,0.20115337730648655
synthetic_user_01,1737011400000,1737011700000,74.15165688369356,54.54001763493202,56.16395157991262,1.6233697947398351,-0.017208267305679047,0.13723480861086573,-0.007141524080639808,0.004941328201583421,-0.010465210930038781,0.013614367394687556,0,0.1389382245770508,0.3442699094711284
synthetic_user_01,1737011700000,1737012000000,75.96916191623801,51.51391251305798,62.14188430524296,0.4965042054307542,0.1813478820806207,0.26652657080477743,0.03301696351947887,0.027235439114163807,-0.02929012634970331,-0.0021979486143903462,0,1.122576524514347,0.24358902432454346
synthetic_user_01,1737012000000,1737012300000,80.53706237652878,41.84730755359654,45.18135180119833,0.7266965949336899,0.02012585618428881,0.0033290441642611197,-0.003601334088780652,0.003852050871817092,0.008179241592399692,0.006247437598862233,0,1.3718229957728383,0.28599807288138845
synthetic_user_01,1737012300000,1737012600000,75.52373343849551,52.589692204932675,80.10864730822553,0.3843071288959597,-0.011537837390462975,0.009849025280162977,0.0030138348833170228,0.041626929826886316,0.021978536722607325,0.062011858927958324,0,0.6510314590631383,0.3191982241734282
